website,status,h1Count
https://www.vredestein.co.uk/,200,1
https://www.vredestein.co.uk/why-vredestein/,200,1
https://www.vredestein.co.uk/distinctly-european/,200,1
https://www.vredestein.co.uk/heritage-legacy/,200,1
https://www.vredestein.co.uk/design-thinking/,200,1
https://www.vredestein.co.uk/performance-edge/,200,1
https://www.vredestein.co.uk/car-suv-tyres/,200,1
https://www.vredestein.co.uk/car-suv-tyres/products/,200,1
https://www.vredestein.co.uk/car-suv-tyres/products/1815-QUATRAC/,200,1
https://www.vredestein.co.uk/car-suv-tyres/products/890-SNOWTRAC-5/,200,1
https://www.vredestein.co.uk/car-suv-tyres/products/885-QUATRAC-5/,200,1
https://www.vredestein.co.uk/car-suv-tyres/products/895-SPORTRAC-5/,200,0
https://www.vredestein.co.uk/car-suv-tyres/products/1656-QUATRAC-PRO/,200,1
https://www.vredestein.co.uk/car-suv-tyres/products/896-T-TRAC-2/,200,1
https://www.vredestein.co.uk/car-suv-tyres/products/1848-ULTRAC/,200,1
https://www.vredestein.co.uk/car-suv-tyres/products/903-ULTRAC-VORTI/,200,1
https://www.vredestein.co.uk/car-suv-tyres/products/1871-ULTRAC-VORTI-R%2B/,200,1
https://www.vredestein.co.uk/car-suv-tyres/products/904-ULTRAC-SATIN/,200,1
https://www.vredestein.co.uk/car-suv-tyres/products/1870-ULTRAC-VORTI%2B/,200,1
https://www.vredestein.co.uk/car-suv-tyres/products/907-ULTRAC-VORTI-R/,200,1
https://www.vredestein.co.uk/car-suv-tyres/products/1582-WINTRAC-PRO/,200,1
https://www.vredestein.co.uk/car-suv-tyres/products/1828-WINTRAC/,200,1
https://www.vredestein.co.uk/car-suv-tyres/products/911-WINTRAC-XTREME-S/,200,1
https://www.vredestein.co.uk/car-suv-tyres/products/1657-QUATRAC-PRO/,200,1
https://www.vredestein.co.uk/car-suv-tyres/products/1165-QUATRAC-5/,200,1
https://www.vredestein.co.uk/car-suv-tyres/products/1816-QUATRAC/,200,1
https://www.vredestein.co.uk/car-suv-tyres/products/1164-SPORTRAC-5/,200,1
https://www.vredestein.co.uk/car-suv-tyres/products/1868-ULTRAC/,200,1
https://www.vredestein.co.uk/car-suv-tyres/products/1166-ULTRAC-VORTI/,200,1
https://www.vredestein.co.uk/car-suv-tyres/products/1174-ULTRAC-SATIN/,200,1
https://www.vredestein.co.uk/car-suv-tyres/products/1869-ULTRAC-VORTI%2B/,200,1
https://www.vredestein.co.uk/car-suv-tyres/products/1583-WINTRAC-PRO/,200,1
https://www.vredestein.co.uk/car-suv-tyres/products/1831-WINTRAC/,200,1
https://www.vredestein.co.uk/car-suv-tyres/products/1163-WINTRAC-XTREME-S/,200,1
https://www.vredestein.co.uk/car-suv-tyres/products/1011-COMTRAC-2-ALL-SEASON/,200,1
https://www.vredestein.co.uk/car-suv-tyres/products/1469-COMTRAC-2/,200,1
https://www.vredestein.co.uk/car-suv-tyres/products/1012-COMTRAC-2-WINTER/,200,1
https://www.vredestein.co.uk/car-suv-tyres/products/1829-COMTRAC-2-ALL-SEASON%2B/,200,1
https://www.vredestein.co.uk/car-suv-tyres/products/981-COMTRAC/,200,1
https://www.vredestein.co.uk/car-suv-tyres/products/1830-COMTRAC-2-WINTER%2B/,200,1
https://www.vredestein.co.uk/car-suv-tyres/products/1170-QUATRAC-5/,200,1
https://www.vredestein.co.uk/car-suv-tyres/products/1171-SNOWTRAC-5/,200,1
https://www.vredestein.co.uk/car-suv-tyres/products/1173-T-TRAC-2/,200,1
https://www.vredestein.co.uk/car-suv-tyres/products/895-Sportrac-5/,200,1
https://www.vredestein.co.uk/car-suv-tyres/products/983-COMTRAC-WINTER/,200,0
https://www.vredestein.co.uk/car-suv-tyres/products/1961-QUATRAC-PRO-EV/,200,0
https://www.vredestein.co.uk/car-suv-tyres/products/1962-QUATRAC-PRO-EV/,200,0
https://www.vredestein.co.uk/car-suv-tyres/products/979-COMTRAC-ALL-SEASON/,200,0
https://www.vredestein.co.uk/car-suv-tyres/products/1909-PINZA-AT/,200,0
https://www.vredestein.co.uk/car-suv-tyres/find-a-tyre-car-suv-van/,200,1
https://www.vredestein.co.uk/car-suv-tyres/find-a-tyre-car-suv-van/tyre-result/,200,0
https://www.vredestein.co.uk/car-suv-tyres/dealer-listing/,200,1
https://www.vredestein.co.uk/car-suv-tyres/dealer-detail/,200,1
https://www.vredestein.co.uk/car-suv-tyres/find-your-local-dealer/,200,1
https://www.vredestein.co.uk/car-suv-tyres/errors/,200,0
https://www.vredestein.co.uk/car-suv-tyres/errors/404/,200,0
https://www.vredestein.co.uk/car-suv-tyres/errors/500/,200,0
https://www.vredestein.co.uk/car-suv-tyres/comparison-tool/,200,1
https://www.vredestein.co.uk/car-suv-tyres/campaigns/,200,0
https://www.vredestein.co.uk/car-suv-tyres/campaigns/generic-landing-page/,200,0
https://www.vredestein.co.uk/classic-tyres/,200,1
https://www.vredestein.co.uk/classic-tyres/products/,200,1
https://www.vredestein.co.uk/classic-tyres/products/984-GRIP%2B/,200,1
https://www.vredestein.co.uk/classic-tyres/products/1818-SNOW-CLASSIC/,200,1
https://www.vredestein.co.uk/classic-tyres/products/990-SPRINT-CLASSIC/,200,1
https://www.vredestein.co.uk/classic-tyres/products/1746-SPRINT%2B/,200,1
https://www.vredestein.co.uk/classic-tyres/products/994-TRANSPORT-CLASSIC/,200,1
https://www.vredestein.co.uk/classic-tyres/find-a-tyre-classic/,200,1
https://www.vredestein.co.uk/classic-tyres/find-a-tyre-classic/tyre-result/,200,0
https://www.vredestein.co.uk/classic-tyres/dealer-listing/,200,1
https://www.vredestein.co.uk/classic-tyres/dealer-detail/,200,1
https://www.vredestein.co.uk/classic-tyres/find-your-local-dealer/,200,1
https://www.vredestein.co.uk/classic-tyres/errors/,200,0
https://www.vredestein.co.uk/classic-tyres/errors/404/,200,0
https://www.vredestein.co.uk/classic-tyres/errors/500/,200,0
https://www.vredestein.co.uk/classic-tyres/comparison-tool/,200,1
https://www.vredestein.co.uk/bicycle-tyres/,200,1
https://www.vredestein.co.uk/bicycle-tyres/products/,200,1
https://www.vredestein.co.uk/bicycle-tyres/products/1416-BLACK-PANTHER-XTREME---HEAVY-D/,200,1
https://www.vredestein.co.uk/bicycle-tyres/products/1416-BLACK-PANTHER-XTREME-HVY-DUTY/,200,1
https://www.vredestein.co.uk/bicycle-tyres/products/1424-BLACK-PANTHER--RIGID-/,200,0
https://www.vredestein.co.uk/bicycle-tyres/products/1412-BLACK-PANTHER-HEAVY-DUTY/,200,0
https://www.vredestein.co.uk/bicycle-tyres/products/1411-BLACK-PANTHER/,200,0
https://www.vredestein.co.uk/bicycle-tyres/products/1420-BLACK-PANTHER-XTRAC-SUPERLITE/,200,0
https://www.vredestein.co.uk/bicycle-tyres/products/1409-BLACK-PANTHER-XTREME/,200,0
https://www.vredestein.co.uk/bicycle-tyres/products/1418-BOBCAT-HEAVY-DUTY/,200,0
https://www.vredestein.co.uk/bicycle-tyres/products/1414-BLACK-PANTHER---SUPERLITE/,200,0
https://www.vredestein.co.uk/bicycle-tyres/products/1413-BLACK-PANTHER-XTRAC/,200,0
https://www.vredestein.co.uk/bicycle-tyres/products/1416-BLACK-PANTHER-XTREME--HVY-DUTY/,200,0
https://www.vredestein.co.uk/bicycle-tyres/products/1415-DESERT-WOLF/,200,0
https://www.vredestein.co.uk/bicycle-tyres/products/1419-SPOTTED-CAT---SUPERLITE/,200,0
https://www.vredestein.co.uk/bicycle-tyres/products/1410-SPOTTED-CAT/,200,0
https://www.vredestein.co.uk/bicycle-tyres/products/1808-AVENTURA/,200,0
https://www.vredestein.co.uk/bicycle-tyres/products/1367-FIAMMANTE--FOLDING-/,200,0
https://www.vredestein.co.uk/bicycle-tyres/products/1366-FIAMMANTE--RIGID-/,200,0
https://www.vredestein.co.uk/bicycle-tyres/products/1375-FRECCIA/,200,0
https://www.vredestein.co.uk/bicycle-tyres/products/1396-FRECCIA-T/,200,0
https://www.vredestein.co.uk/bicycle-tyres/products/1376-FORTEZZA-SENSO-ALL-WEATHER/,200,0
https://www.vredestein.co.uk/bicycle-tyres/products/1359-FORTEZZA-SENSO-SUPERIORE/,200,0
https://www.vredestein.co.uk/bicycle-tyres/products/1479-FORTEZZA-SENSO-TRI-ALL-WEATHER/,200,0
https://www.vredestein.co.uk/bicycle-tyres/products/1408-FORTEZZA-SENSO-XTREME-WEATHER/,200,0
https://www.vredestein.co.uk/bicycle-tyres/products/1369-FORTEZZA-SENSO-T-ALL-WEATHER/,200,0
https://www.vredestein.co.uk/bicycle-tyres/products/1922-SUPERPASSO/,200,0
https://www.vredestein.co.uk/bicycle-tyres/products/1382-ACTIVE-TOUR/,200,0
https://www.vredestein.co.uk/bicycle-tyres/products/1383-CLASSIC-TOUR/,200,0
https://www.vredestein.co.uk/bicycle-tyres/products/1374-DYNAMIC-TOUR/,200,0
https://www.vredestein.co.uk/bicycle-tyres/products/1381-DYNAMIC-CITY/,200,0
https://www.vredestein.co.uk/bicycle-tyres/products/1405-EXTREMIS/,200,0
https://www.vredestein.co.uk/bicycle-tyres/products/1923-ICON/,200,0
https://www.vredestein.co.uk/bicycle-tyres/products/1924-NEXT/,200,0
https://www.vredestein.co.uk/bicycle-tyres/products/1397-PERFECT-4-SEASONS/,200,0
https://www.vredestein.co.uk/bicycle-tyres/products/1389-PERFECT-E-POWER/,200,0
https://www.vredestein.co.uk/bicycle-tyres/products/1387-PERFECT-TOUR/,200,0
https://www.vredestein.co.uk/bicycle-tyres/products/1388-PERFECT-XTREME/,200,0
https://www.vredestein.co.uk/bicycle-tyres/products/1384-RETRO/,200,0
https://www.vredestein.co.uk/bicycle-tyres/dealer-listing/,200,1
https://www.vredestein.co.uk/bicycle-tyres/dealer-detail/,200,1
https://www.vredestein.co.uk/bicycle-tyres/find-a-tyre-bicycle/,200,1
https://www.vredestein.co.uk/bicycle-tyres/find-a-tyre-bicycle/tyre-result/,200,0
https://www.vredestein.co.uk/bicycle-tyres/find-your-local-dealer/,200,1
https://www.vredestein.co.uk/bicycle-tyres/errors/,200,0
https://www.vredestein.co.uk/bicycle-tyres/errors/404/,200,0
https://www.vredestein.co.uk/bicycle-tyres/errors/500/,200,0
https://www.vredestein.co.uk/bicycle-tyres/comparison-tool/,200,0
https://www.vredestein.co.uk/agricultural-industrial-tyres/,200,1
https://www.vredestein.co.uk/agricultural-industrial-tyres/products/,200,1
https://www.vredestein.co.uk/agricultural-industrial-tyres/products/1187-AW/,200,1
https://www.vredestein.co.uk/agricultural-industrial-tyres/products/1284-AW-SPECIAL/,200,1
https://www.vredestein.co.uk/agricultural-industrial-tyres/products/1434-ENDURION/,200,1
https://www.vredestein.co.uk/agricultural-industrial-tyres/products/1194-FAKTOR-F/,200,1
https://www.vredestein.co.uk/agricultural-industrial-tyres/products/1286-FAKTOR-S/,200,1
https://www.vredestein.co.uk/agricultural-industrial-tyres/products/1188-FLOTATION%2B/,200,1
https://www.vredestein.co.uk/agricultural-industrial-tyres/products/1189-FLOTATION-PRO/,200,1
https://www.vredestein.co.uk/agricultural-industrial-tyres/products/1190-FLOTATION-TRAC/,200,1
https://www.vredestein.co.uk/agricultural-industrial-tyres/products/817-GREENTRAX/,200,1
https://www.vredestein.co.uk/agricultural-industrial-tyres/products/1191-LUG-RING/,200,1
https://www.vredestein.co.uk/agricultural-industrial-tyres/products/1192-MULTI-RILL/,200,1
https://www.vredestein.co.uk/agricultural-industrial-tyres/products/821-V64%2B/,200,1
https://www.vredestein.co.uk/agricultural-industrial-tyres/products/1613-TRAXION-65/,200,1
https://www.vredestein.co.uk/agricultural-industrial-tyres/products/1612-TRAXION-85-II/,200,1
https://www.vredestein.co.uk/agricultural-industrial-tyres/products/1193-TRAXION85/,200,1
https://www.vredestein.co.uk/agricultural-industrial-tyres/products/1609-TRAXION-OPTIMALL/,200,1
https://www.vredestein.co.uk/agricultural-industrial-tyres/products/1616-TRAXION%2B-70/,200,1
https://www.vredestein.co.uk/agricultural-industrial-tyres/products/1288-TRAXION-HARVEST/,200,1
https://www.vredestein.co.uk/agricultural-industrial-tyres/products/1287-TRAXION-VERSA/,200,1
https://www.vredestein.co.uk/agricultural-industrial-tyres/products/1289-TRAXION-XXL/,200,1
https://www.vredestein.co.uk/agricultural-industrial-tyres/products/829-V20/,200,1
https://www.vredestein.co.uk/agricultural-industrial-tyres/products/830-V25/,200,1
https://www.vredestein.co.uk/agricultural-industrial-tyres/products/831-V40/,200,1
https://www.vredestein.co.uk/agricultural-industrial-tyres/products/832-V47/,200,1
https://www.vredestein.co.uk/agricultural-industrial-tyres/products/833-V48/,200,1
https://www.vredestein.co.uk/agricultural-industrial-tyres/products/834-V49/,200,1
https://www.vredestein.co.uk/agricultural-industrial-tyres/products/835-V50/,200,1
https://www.vredestein.co.uk/agricultural-industrial-tyres/products/836-V52/,200,1
https://www.vredestein.co.uk/agricultural-industrial-tyres/products/837-V54/,200,1
https://www.vredestein.co.uk/agricultural-industrial-tyres/products/838-V60/,200,1
https://www.vredestein.co.uk/agricultural-industrial-tyres/products/1183-V61/,200,1
https://www.vredestein.co.uk/agricultural-industrial-tyres/products/840-V64/,200,1
https://www.vredestein.co.uk/agricultural-industrial-tyres/products/841-V67/,200,1
https://www.vredestein.co.uk/agricultural-industrial-tyres/products/1184-V71/,200,1
https://www.vredestein.co.uk/agricultural-industrial-tyres/products/843-V76/,200,1
https://www.vredestein.co.uk/agricultural-industrial-tyres/products/844-V88/,200,1
https://www.vredestein.co.uk/agricultural-industrial-tyres/products/845-V90/,200,1
https://www.vredestein.co.uk/agricultural-industrial-tyres/products/843-V76-EXTRA/,200,1
https://www.vredestein.co.uk/agricultural-industrial-tyres/products/1612-TRAXION85-II/,200,1
https://www.vredestein.co.uk/agricultural-industrial-tyres/products/1616-TRAXION70/,200,1
https://www.vredestein.co.uk/agricultural-industrial-tyres/products/1907-AS%2B/,200,0
https://www.vredestein.co.uk/agricultural-industrial-tyres/products/1905-TRAXION-VERSA-GREEN/,200,0
https://www.vredestein.co.uk/agricultural-industrial-tyres/products/1611-TRAXION-70/,200,0
https://www.vredestein.co.uk/agricultural-industrial-tyres/products/1906-ENDURION-TRAILER/,200,0
https://www.vredestein.co.uk/agricultural-industrial-tyres/products/1851-FLOTATION-OPTIMALL/,200,0
https://www.vredestein.co.uk/agricultural-industrial-tyres/dealer-listing/,200,1
https://www.vredestein.co.uk/agricultural-industrial-tyres/dealer-detail/,200,1
https://www.vredestein.co.uk/agricultural-industrial-tyres/find-a-tyre-agricultural-industrial/,200,1
https://www.vredestein.co.uk/agricultural-industrial-tyres/find-a-tyre-agricultural-industrial/tyre-result/,200,0
https://www.vredestein.co.uk/agricultural-industrial-tyres/find-your-local-dealer/,200,1
https://www.vredestein.co.uk/agricultural-industrial-tyres/errors/,200,0
https://www.vredestein.co.uk/agricultural-industrial-tyres/errors/404/,200,0
https://www.vredestein.co.uk/agricultural-industrial-tyres/errors/500/,200,0
https://www.vredestein.co.uk/privacy-notice/,200,1
https://www.vredestein.co.uk/terms-and-condition/,200,1
https://www.vredestein.co.uk/cookie-notice/,200,1
https://www.vredestein.co.uk/content-hub/,200,1
https://www.vredestein.co.uk/content-hub/news/,200,1
https://www.vredestein.co.uk/content-hub/news/car-suv-van/,200,1
https://www.vredestein.co.uk/content-hub/news/car-suv-van/first-all-season-tyre-fully-dedicated-to-electric-vehicles/,200,0
https://www.vredestein.co.uk/content-hub/news/car-suv-van/vredestein-on-the-race-for-a-more-sustainable-future/,200,0
https://www.vredestein.co.uk/content-hub/news/car-suv-van/quatrac-test-winner-allrad/,200,1
https://www.vredestein.co.uk/content-hub/news/car-suv-van/quatrac-test-winner/,200,1
https://www.vredestein.co.uk/content-hub/news/car-suv-van/all-season-manufacturer-of-the-year/,200,1
https://www.vredestein.co.uk/content-hub/news/car-suv-van/vredestein-all-season-tyres-excel-in-top-tyre-tests/,200,1
https://www.vredestein.co.uk/content-hub/news/car-suv-van/another-win-for-vredestein-quatrac-5-all-season-tyres/,200,1
https://www.vredestein.co.uk/content-hub/news/car-suv-van/quatrac-auto-zeitung-test-winner/,200,1
https://www.vredestein.co.uk/content-hub/news/car-suv-van/breadvan-hommage/,200,1
https://www.vredestein.co.uk/content-hub/news/classic-cars/,200,1
https://www.vredestein.co.uk/content-hub/news/classic-cars/vredestein-presents-classic-line-at-techno-classica/,200,1
https://www.vredestein.co.uk/content-hub/news/classic-cars/vredestein-classic-line-upgraded/,200,1
https://www.vredestein.co.uk/content-hub/news/classic-cars/vredestein-introduces-special-edition-tyre-at-techno-classica/,200,1
https://www.vredestein.co.uk/content-hub/news/classic-cars/vredestein-mille-miglia-sponsorship/,200,1
https://www.vredestein.co.uk/content-hub/news/classic-cars/vredestein-sprint-classic-in-top-tyre-test/,200,1
https://www.vredestein.co.uk/content-hub/news/classic-cars/vredestein-supports-coppa-delle-alpi-2019/,200,1
https://www.vredestein.co.uk/content-hub/news/bicycle/,200,1
https://www.vredestein.co.uk/content-hub/news/bicycle/certified-vredestein-tyres-for-e-bikes/,200,1
https://www.vredestein.co.uk/content-hub/news/bicycle/duralite-best-of-both-worlds/,200,1
https://www.vredestein.co.uk/content-hub/news/bicycle/performance-tyres-for-bicycles-since-1909/,200,1
https://www.vredestein.co.uk/content-hub/news/bicycle/vredestein-at-the-highest-level/,200,1
https://www.vredestein.co.uk/content-hub/news/bicycle/tyre-made-of-dandelions/,200,1
https://www.vredestein.co.uk/content-hub/news/bicycle/vredestein-superpasso/,200,0
https://www.vredestein.co.uk/content-hub/news/bicycle/vredestein-joins-cycling-zandvoort-annual-event/,200,0
https://www.vredestein.co.uk/content-hub/news/bicycle/beat-cycling-partnership/,200,0
https://www.vredestein.co.uk/content-hub/news/agricultural/,200,1
https://www.vredestein.co.uk/content-hub/news/agricultural/dlg-approved-longer-lifespan-cost-saving/,200,1
https://www.vredestein.co.uk/content-hub/news/agricultural/carey-agri-in-ireland/,200,1
https://www.vredestein.co.uk/content-hub/news/agricultural/huddlestone-farming-impressed-by-traxion-optimall/,200,1
https://www.vredestein.co.uk/content-hub/news/agricultural/traxion-optimall-wins-lamma-innovation-award/,200,1
https://www.vredestein.co.uk/content-hub/news/agricultural/live-the-land-film/,200,1
https://www.vredestein.co.uk/content-hub/news/agricultural/the-next-generation-vf-tyre/,200,1
https://www.vredestein.co.uk/content-hub/news/agricultural/dlg-recognition-for-traxionplus-and-traxion-xxl/,200,1
https://www.vredestein.co.uk/content-hub/news/agricultural/vredestein-unveils-expansion-of-traxion85-range/,200,1
https://www.vredestein.co.uk/content-hub/news/agricultural/new-campaign-for-vredestein-agricultural-tyres/,200,1
https://www.vredestein.co.uk/content-hub/news/agricultural/Vredestein-traxion-optimall-now-available-in-ploughing-sizes/,200,1
https://www.vredestein.co.uk/content-hub/news/agricultural/apollo-vredestein-expands-agriculture-tyre-production-in-europe/,200,1
https://www.vredestein.co.uk/content-hub/news/agricultural/Vredestein-Traxion-65-Silent-tractor-tyre-now-available-in-19-sizes/,200,1
https://www.vredestein.co.uk/content-hub/blogs/,200,1
https://www.vredestein.co.uk/content-hub/blogs/car-suv-van/,200,1
https://www.vredestein.co.uk/content-hub/blogs/classic-cars/,200,1
https://www.vredestein.co.uk/content-hub/blogs/bicycle/,200,1
https://www.vredestein.co.uk/content-hub/blogs/agricultural/,200,1
https://www.vredestein.co.uk/content-hub/blogs/why-you-should-never-combine-summer-and-winter-tyres/,200,1
https://www.vredestein.co.uk/content-hub/blogs/when-should-you-replace-winter-tyres-with-summer-tyres/,200,1
https://www.vredestein.co.uk/content-hub/blogs/tyre-profile-all-you-need-to-know/,200,1
https://www.vredestein.co.uk/content-hub/blogs/all-weather-tyres-everything-you-need-to-know/,200,1
https://www.vredestein.co.uk/content-hub/blogs/vredestein-sponsors-zoute-grand-prix-2016/,200,1
https://www.vredestein.co.uk/content-hub/blogs/which-tyre-pressure-should-my-car-tyre-have/,200,1
https://www.vredestein.co.uk/content-hub/blogs/how-much-tread-depth-does-a-summer-tyre-has/,200,1
https://www.vredestein.co.uk/content-hub/blogs/save-money-will-all-season-tyres/,200,1
https://www.vredestein.co.uk/content-hub/blogs/winter-tyre-regulations-in-germany/,200,1
https://www.vredestein.co.uk/content-hub/blogs/best-summer-tyres-of-2020/,200,1
https://www.vredestein.co.uk/content-hub/blogs/all-seasons-all-you-should-know/,200,1
https://www.vredestein.co.uk/content-hub/blogs/vredestein-op-het-hoogste-niveau/,200,1
https://www.vredestein.co.uk/content-hub/blogs/vredestein-at-the-highest-level1/,200,1
https://www.vredestein.co.uk/content-hub/tyre-guide/,200,1
https://www.vredestein.co.uk/content-hub/tyre-guide/car-suv-van/,200,1
https://www.vredestein.co.uk/content-hub/tyre-guide/car-suv-van/tyre-tread-depth/,200,1
https://www.vredestein.co.uk/content-hub/tyre-guide/car-suv-van/the-correct-tyre-pressure/,200,1
https://www.vredestein.co.uk/content-hub/tyre-guide/car-suv-van/storing-summer-and-winter-tyres/,200,1
https://www.vredestein.co.uk/content-hub/tyre-guide/car-suv-van/when-should-i-replace-my-tyres/,200,1
https://www.vredestein.co.uk/content-hub/tyre-guide/car-suv-van/tyre-label-according-to-regulation-2020740/,200,1
https://www.vredestein.co.uk/content-hub/tyre-guide/car-suv-van/eprel/,200,1
https://www.vredestein.co.uk/content-hub/tyre-guide/car-suv-van/season-and-tyre-type--everything-you-need-to-know/,200,0
https://www.vredestein.co.uk/content-hub/tyre-guide/car-suv-van/what-do-the-symbols-on-your-tyre-mean-/,200,0
https://www.vredestein.co.uk/content-hub/tyre-guide/classic-cars/,200,1
https://www.vredestein.co.uk/content-hub/tyre-guide/bicycle/,200,1
https://www.vredestein.co.uk/content-hub/tyre-guide/agricultural/,200,1
https://www.vredestein.co.uk/content-hub/tyre-guide/agricultural/what-tyres-to-use-during-harvest-season/,200,1
https://www.vredestein.co.uk/content-hub/tyre-guide/agricultural/maintaining-your-tyres-during-harvest-season/,200,1
https://www.vredestein.co.uk/content-hub/tyre-guide/agricultural/impact-of-your-tyre-choice-on-ploughing/,200,1
https://www.vredestein.co.uk/content-hub/campaign/,200,1
https://www.vredestein.co.uk/content-hub/campaign/car-suv-van/,200,1
https://www.vredestein.co.uk/content-hub/campaign/car-suv-van/snap-share-win-a-trip-to-old-trafford/,200,0
https://www.vredestein.co.uk/content-hub/campaign/car-suv-van/vredestein-tyres/,200,1
https://www.vredestein.co.uk/content-hub/campaign/car-suv-van/new-quatrac/,200,1
https://www.vredestein.co.uk/content-hub/campaign/car-suv-van/vredestein-x-manchester-united/,200,1
https://www.vredestein.co.uk/content-hub/campaign/car-suv-van/win-a-meet-greet-with-andrew-cole/,200,1
https://www.vredestein.co.uk/content-hub/campaign/car-suv-van/win-a-set-of-quatrac-tyres/,200,1
https://www.vredestein.co.uk/content-hub/campaign/car-suv-van/our-stripes/,200,1
https://www.vredestein.co.uk/content-hub/campaign/car-suv-van/unlock-the-potential-of-all-season-tyres/,200,1
https://www.vredestein.co.uk/content-hub/campaign/car-suv-van/new-brand-identity/,200,1
https://www.vredestein.co.uk/content-hub/campaign/car-suv-van/eos-terms-and-conditions/,200,1
https://www.vredestein.co.uk/content-hub/campaign/car-suv-van/our-stripes-all-season-rem/,200,1
https://www.vredestein.co.uk/content-hub/campaign/car-suv-van/generic-landing-page/,200,0
https://www.vredestein.co.uk/content-hub/campaign/car-suv-van/quatrac-tyre-giveaway/,200,1
https://www.vredestein.co.uk/content-hub/campaign/car-suv-van/bring-a-legend-into-your-living-room/,200,1
https://www.vredestein.co.uk/content-hub/campaign/classic-cars/,200,1
https://www.vredestein.co.uk/content-hub/campaign/bicycle/,200,1
https://www.vredestein.co.uk/content-hub/campaign/agricultural/,200,1
https://www.vredestein.co.uk/content-hub/campaign/agricultural/vredestein-farm-models/,200,1
https://www.vredestein.co.uk/dynamic-form/,200,0
https://www.vredestein.co.uk/brochure/,200,1
https://www.vredestein.co.uk/search/,200,0
https://www.vredestein.co.uk/errors/,200,1
https://www.vredestein.co.uk/errors/404/,200,0
https://www.vredestein.co.uk/errors/500/,200,0
https://www.vredestein.co.uk/about-us/,200,0
https://www.vredestein.co.uk/about-us/about-vredestein/,200,1
https://www.vredestein.co.uk/about-us/why-vredestein/,200,1
https://www.vredestein.co.uk/about-us/distinctly-european/,200,1
https://www.vredestein.co.uk/about-us/heritage-legacy/,200,1
https://www.vredestein.co.uk/about-us/design-thinking/,200,1
https://www.vredestein.co.uk/about-us/performance-edge/,200,1
https://www.vredestein.co.uk/support/contact-us/,200,1
